objective,attribute,threshold,score,accuracy,precision,recall,balanced_accuracy,f1,positive_rate
f1,5_o_Clock_Shadow,0.8500000238418579,0.7286463975906372,0.9349172115325928,0.7173553705215454,0.7402985095977783,0.8506309390068054,0.7286463975906372,0.11803492903709412
f1,Arched_Eyebrows,0.5999999642372131,0.7086520791053772,0.827452540397644,0.6286188364028931,0.8120374083518982,0.8224308490753174,0.7086520791053772,0.258418470621109
f1,Attractive,0.4000000059604645,0.8261182904243469,0.805909276008606,0.7733873724937439,0.8865659832954407,0.8025383949279785,0.8261182904243469,0.5200583934783936
f1,Bags_Under_Eyes,0.574999988079071,0.5967010259628296,0.8030905723571777,0.5187309384346008,0.7022567391395569,0.7658686637878418,0.5967010259628296,0.2074294090270996
f1,Bald,0.8999999761581421,0.7694146037101746,0.9902853965759277,0.7558685541152954,0.7834550142288208,0.8890547752380371,0.7694146037101746,0.02068757265806198
f1,Bangs,0.7999999523162842,0.8273308277130127,0.948356568813324,0.8120251297950745,0.8432247042655945,0.9048296809196472,0.8273308277130127,0.14672572910785675
f1,Big_Lips,0.625,0.4542625844478607,0.7792822122573853,0.3656581938266754,0.5995400547981262,0.7056726217269897,0.4542625844478607,0.15321891009807587
f1,Big_Nose,0.574999988079071,0.6596992611885071,0.8131574988365173,0.60318523645401,0.7278980612754822,0.7846472263336182,0.6596992611885071,0.24880455434322357
f1,Black_Hair,0.7249999642372131,0.7676791548728943,0.9002869129180908,0.7467488050460815,0.7898166179656982,0.8596097230911255,0.7676791548728943,0.20858711004257202
f1,Blond_Hair,0.824999988079071,0.840122401714325,0.9500176310539246,0.8269413709640503,0.8537303805351257,0.9106258153915405,0.840122401714325,0.15382292866706848
f1,Blurry,0.8999999761581421,0.5988024473190308,0.9595308899879456,0.5639097690582275,0.6382978558540344,0.8068913221359253,0.5988024473190308,0.04731464385986328
f1,Brown_Hair,0.5999999642372131,0.682340145111084,0.8231741189956665,0.6021385192871094,0.7871896624565125,0.8109027743339539,0.682340145111084,0.24125434458255768
f1,Bushy_Eyebrows,0.7999999523162842,0.7022332549095154,0.915437638759613,0.7047314047813416,0.6997527480125427,0.8255162239074707,0.7022332549095154,0.14249761402606964
f1,Chubby,0.8500000238418579,0.6314606666564941,0.9504706263542175,0.5797799229621887,0.6932565569877625,0.8302484750747681,0.6314606666564941,0.06120702624320984
f1,Double_Chin,0.8999999761581421,0.6116360425949097,0.960688591003418,0.5936293601989746,0.6307692527770996,0.8042423725128174,0.6116360425949097,0.04907635599374771
f1,Eyeglasses,0.8500000238418579,0.9719828367233276,0.9960739016532898,0.9657387733459473,0.9783080220222473,0.9878555536270142,0.9719828367233276,0.06961292773485184
f1,Goatee,0.8999999761581421,0.7742568254470825,0.965218722820282,0.7420162558555603,0.8094262480735779,0.8935192823410034,0.7742568254470825,0.07369004189968109
f1,Gray_Hair,0.8999999761581421,0.7835051417350769,0.9778023958206177,0.745794415473938,0.8252326846122742,0.9054205417633057,0.7835051417350769,0.04867367818951607
f1,Heavy_Makeup,0.550000011920929,0.8934085965156555,0.9134746193885803,0.8600764274597168,0.9294284582138062,0.9163484573364258,0.8934085965156555,0.3901444673538208
f1,High_Cheekbones,0.550000011920929,0.8526638150215149,0.867065966129303,0.849205493927002,0.8561505675315857,0.8660608530044556,0.8526638150215149,0.4492877721786499
f1,Male,0.5999999642372131,0.9922976493835449,0.9934564828872681,0.994536817073822,0.9900685548782349,0.9930183291435242,0.9922976493835449,0.4257311224937439
f1,Mouth_Slightly_Open,0.4749999940395355,0.9012390971183777,0.9049177169799805,0.9021352529525757,0.900344729423523,0.904757559299469,0.9012390971183777,0.48185431957244873
f1,Mustache,0.925000011920929,0.6474480032920837,0.9624502658843994,0.6154537200927734,0.6829511523246765,0.8301311731338501,0.6474480032920837,0.05048573017120361
f1,Narrow_Eyes,0.7999999523162842,0.46453410387039185,0.9031056761741638,0.3970518410205841,0.5596514940261841,0.7453223466873169,0.46453410387039185,0.0750994086265564
f1,No_Beard,0.15000000596046448,0.974052369594574,0.956963837146759,0.9659904837608337,0.9822499752044678,0.9110739827156067,0.974052369594574,0.8223687410354614
f1,Oval_Face,0.5,0.5448514819145203,0.6891830563545227,0.4618845283985138,0.6641509532928467,0.6815370917320251,0.5448514819145203,0.28011274337768555
f1,Pale_Skin,0.7999999523162842,0.4634028375148773,0.9442794322967529,0.3960231840610504,0.5584112405776978,0.7600325345993042,0.4634028375148773,0.04308652505278587
f1,Pointy_Nose,0.5249999761581421,0.5806726217269897,0.7025217413902283,0.48517903685569763,0.7229682207107544,0.7086721062660217,0.5806726217269897,0.28489455580711365
f1,Receding_Hairline,0.7749999761581421,0.6030006408691406,0.9307394027709961,0.5130093097686768,0.7312806248664856,0.8387393355369568,0.6030006408691406,0.07192832231521606
f1,Rosy_Cheeks,0.824999988079071,0.5923606157302856,0.9344642162322998,0.515250563621521,0.6966126561164856,0.8242639303207397,0.5923606157302856,0.06835455447435379
f1,Sideburns,0.875,0.7588797807693481,0.9644637107849121,0.711723268032074,0.8127285838127136,0.8942021131515503,0.7588797807693481,0.06880757212638855
f1,Smiling,0.42500001192092896,0.9176024198532104,0.9191120862960815,0.9037470817565918,0.9318891763687134,0.9195247292518616,0.9176024198532104,0.48331403732299805
f1,Straight_Hair,0.5999999642372131,0.6192120313644409,0.811244785785675,0.5290647149085999,0.7463892102241516,0.7872105836868286,0.6192120313644409,0.20561735332012177
f1,Wavy_Hair,0.699999988079071,0.7519006729125977,0.857099711894989,0.7232683300971985,0.7828935384750366,0.834182620048523,0.7519006729125977,0.2765893042087555
f1,Wearing_Earrings,0.699999988079071,0.7428644299507141,0.8988775610923767,0.7211729884147644,0.7659012675285339,0.8480582237243652,0.7428644299507141,0.19071827828884125
f1,Wearing_Hat,0.949999988079071,0.8915045857429504,0.9893290400505066,0.8589743375778198,0.9265957474708557,0.9595202207565308,0.8915045857429504,0.04731464385986328
f1,Wearing_Lipstick,0.625,0.9201008677482605,0.9266119599342346,0.8942266702651978,0.947516918182373,0.9286507964134216,0.9201008677482605,0.4459656774997711
f1,Wearing_Necklace,0.6749999523162842,0.44176244735717773,0.8067649602890015,0.3389868438243866,0.6339733004570007,0.7322176098823547,0.44176244735717773,0.12060200423002243
f1,Wearing_Necktie,0.8500000238418579,0.7034710645675659,0.9548497796058655,0.6725663542747498,0.737352728843689,0.8546186089515686,0.7034710645675659,0.07263301312923431
f1,Young,0.2750000059604645,0.92845618724823,0.890622615814209,0.907277524471283,0.950647234916687,0.8322253227233887,0.92845618724823,0.7465646266937256
balanced_accuracy,5_o_Clock_Shadow,0.44999998807907104,0.9106659293174744,0.8759752511978149,0.4870736598968506,0.9560767412185669,0.9106659293174744,0.6453655958175659,0.11803492903709412
balanced_accuracy,Arched_Eyebrows,0.5,0.8266050815582275,0.8025872111320496,0.5778319835662842,0.8763147592544556,0.8266050815582275,0.6964395642280579,0.258418470621109
balanced_accuracy,Attractive,0.5249999761581421,0.8105039596557617,0.8111441135406494,0.8133930563926697,0.8264614939689636,0.8105039596557617,0.8198752403259277,0.5200583934783936
balanced_accuracy,Bags_Under_Eyes,0.44999998807907104,0.778995156288147,0.7615643739700317,0.45770391821861267,0.8087842464447021,0.778995156288147,0.5845829844474792,0.2074294090270996
balanced_accuracy,Bald,0.15000000596046448,0.978909432888031,0.9633563160896301,0.36035242676734924,0.9951338171958923,0.978909432888031,0.529107391834259,0.02068757265806198
balanced_accuracy,Bangs,0.5,0.934510350227356,0.9284743666648865,0.6865634322166443,0.9430531859397888,0.934510350227356,0.7946234941482544,0.14672572910785675
balanced_accuracy,Big_Lips,0.5249999761581421,0.7218718528747559,0.6950722336769104,0.30285191535949707,0.7605124711990356,0.7218718528747559,0.433196097612381,0.15321891009807587
balanced_accuracy,Big_Nose,0.4749999940395355,0.7913457751274109,0.7865304350852966,0.5486419200897217,0.8009306192398071,0.7913457751274109,0.6512048840522766,0.24880455434322357
balanced_accuracy,Black_Hair,0.5,0.8842211365699768,0.8749685287475586,0.6431034207344055,0.9000965356826782,0.8842211365699768,0.7502011060714722,0.20858711004257202
balanced_accuracy,Blond_Hair,0.574999988079071,0.9349331259727478,0.9308904409408569,0.7069092988967896,0.9407722353935242,0.9349331259727478,0.8072441220283508,0.15382292866706848
balanced_accuracy,Blurry,0.32499998807907104,0.9085226655006409,0.8526702523231506,0.23930726945400238,0.9702127575874329,0.9085226655006409,0.38391920924186707,0.04731464385986328
balanced_accuracy,Brown_Hair,0.44999998807907104,0.8219560980796814,0.7921175956726074,0.5426695942878723,0.8796160817146301,0.8219560980796814,0.671230673789978,0.24125434458255768
balanced_accuracy,Bushy_Eyebrows,0.44999998807907104,0.8671821355819702,0.8489958047866821,0.4838215708732605,0.8926174640655518,0.8671821355819702,0.6275142431259155,0.14249761402606964
balanced_accuracy,Chubby,0.44999998807907104,0.896844744682312,0.8936427235603333,0.3547133207321167,0.9004934430122375,0.896844744682312,0.5089472532272339,0.06120702624320984
balanced_accuracy,Double_Chin,0.4000000059604645,0.9046992659568787,0.8798006772994995,0.28133705258369446,0.9323077201843262,0.9046992659568787,0.43223968148231506,0.04907635599374771
balanced_accuracy,Eyeglasses,0.44999998807907104,0.9888542890548706,0.9929531216621399,0.9202163815498352,0.9840925335884094,0.9888542890548706,0.9510831832885742,0.06961292773485184
balanced_accuracy,Goatee,0.5,0.9533240795135498,0.9379876255989075,0.5444104075431824,0.9713114500045776,0.9533240795135498,0.6977429389953613,0.07369004189968109
balanced_accuracy,Gray_Hair,0.32499998807907104,0.953047513961792,0.937735915184021,0.43709227442741394,0.9700103402137756,0.953047513961792,0.6026341319084167,0.04867367818951607
balanced_accuracy,Heavy_Makeup,0.5249999761581421,0.9169663190841675,0.9126692414283752,0.8537991046905518,0.9365243315696716,0.9169663190841675,0.8932504653930664,0.3901444673538208
balanced_accuracy,High_Cheekbones,0.550000011920929,0.8660608530044556,0.867065966129303,0.849205493927002,0.8561505675315857,0.8660608530044556,0.8526638150215149,0.4492877721786499
balanced_accuracy,Male,0.5,0.9931274056434631,0.9934061765670776,0.9932472705841064,0.9912508726119995,0.9931274056434631,0.9922480583190918,0.4257311224937439
balanced_accuracy,Mouth_Slightly_Open,0.5,0.9050357341766357,0.9054713845252991,0.9091778993606567,0.8930324912071228,0.9050357341766357,0.9010329246520996,0.48185431957244873
balanced_accuracy,Mustache,0.5,0.9432517290115356,0.9155383110046387,0.3716242015361786,0.9740777611732483,0.9432517290115356,0.5379956364631653,0.05048573017120361
balanced_accuracy,Narrow_Eyes,0.550000011920929,0.8065928220748901,0.7698193192481995,0.22574327886104584,0.8498659729957581,0.8065928220748901,0.3567309081554413,0.0750994086265564
balanced_accuracy,No_Beard,0.5249999761581421,0.9449499249458313,0.9416117072105408,0.9886670708656311,0.9397723078727722,0.9449499249458313,0.9635998010635376,0.8223687410354614
balanced_accuracy,Oval_Face,0.5,0.6815370917320251,0.6891830563545227,0.4618845283985138,0.6641509532928467,0.6815370917320251,0.5448514819145203,0.28011274337768555
balanced_accuracy,Pale_Skin,0.3499999940395355,0.8534709215164185,0.8284592628479004,0.18571428954601288,0.8808411359786987,0.8534709215164185,0.3067534863948822,0.04308652505278587
balanced_accuracy,Pointy_Nose,0.5249999761581421,0.7086721062660217,0.7025217413902283,0.48517903685569763,0.7229682207107544,0.7086721062660217,0.5806726217269897,0.28489455580711365
balanced_accuracy,Receding_Hairline,0.5,0.8879271745681763,0.8794483542442322,0.3632502853870392,0.8978306651115417,0.8879271745681763,0.5172344446182251,0.07192832231521606
balanced_accuracy,Rosy_Cheeks,0.4749999940395355,0.8966629505157471,0.8703880906105042,0.3370816707611084,0.9270986914634705,0.8966629505157471,0.4944040775299072,0.06835455447435379
balanced_accuracy,Sideburns,0.3499999940395355,0.9513621926307678,0.9302360415458679,0.49646446108818054,0.975859522819519,0.9513621926307678,0.6581154465675354,0.06880757212638855
balanced_accuracy,Smiling,0.5249999761581421,0.9203804731369019,0.9207227826118469,0.9246640801429749,0.9101228713989258,0.9203804731369019,0.9173358678817749,0.48331403732299805
balanced_accuracy,Straight_Hair,0.4749999940395355,0.7973039150238037,0.7677555680274963,0.4645109474658966,0.8474908471107483,0.7973039150238037,0.6001039743423462,0.20561735332012177
balanced_accuracy,Wavy_Hair,0.5999999642372131,0.8396884202957153,0.8395329117774963,0.6665704250335693,0.8400363922119141,0.8396884202957153,0.7433172464370728,0.2765893042087555
balanced_accuracy,Wearing_Earrings,0.4749999940395355,0.8715103268623352,0.8602707982063293,0.5884098410606384,0.8896806836128235,0.8715103268623352,0.7083420753479004,0.19071827828884125
balanced_accuracy,Wearing_Hat,0.44999998807907104,0.9838233590126038,0.9788090586662292,0.6935123205184937,0.9893617033958435,0.9838233590126038,0.8154318332672119,0.04731464385986328
balanced_accuracy,Wearing_Lipstick,0.625,0.9286507964134216,0.9266119599342346,0.8942266702651978,0.947516918182373,0.9286507964134216,0.9201008677482605,0.4459656774997711
balanced_accuracy,Wearing_Necklace,0.550000011920929,0.761246383190155,0.7130920886993408,0.27232635021209717,0.8247078657150269,0.761246383190155,0.4094488024711609,0.12060200423002243
balanced_accuracy,Wearing_Necktie,0.5,0.9155643582344055,0.9192127585411072,0.47098854184150696,0.9112958908081055,0.9155643582344055,0.6210153698921204,0.07263301312923431
balanced_accuracy,Young,0.5999999642372131,0.8566775918006897,0.8482911586761475,0.9514132738113403,0.8396709561347961,0.8566775918006897,0.892056405544281,0.7465646266937256
accuracy,5_o_Clock_Shadow,0.8999999761581421,0.9380379319190979,0.9380379319190979,0.782741129398346,0.6575692892074585,0.8165714144706726,0.7147161364555359,0.11803492903709412
accuracy,Arched_Eyebrows,0.7249999642372131,0.842603325843811,0.842603325843811,0.6999402046203613,0.6842617988586426,0.7910211086273193,0.6920121908187866,0.258418470621109
accuracy,Attractive,0.5249999761581421,0.8111441135406494,0.8111441135406494,0.8133930563926697,0.8264614939689636,0.8105039596557617,0.8198752403259277,0.5200583934783936
accuracy,Bags_Under_Eyes,0.7999999523162842,0.8338450789451599,0.8338450789451599,0.6677577495574951,0.39602038264274597,0.6722258925437927,0.49718204140663147,0.2074294090270996
accuracy,Bald,0.8999999761581421,0.9902853965759277,0.9902853965759277,0.7558685541152954,0.7834550142288208,0.8890547752380371,0.7694146037101746,0.02068757265806198
accuracy,Bangs,0.824999988079071,0.9484069347381592,0.9484069347381592,0.8238519430160522,0.8246998190879822,0.8971894979476929,0.8242756724357605,0.14672572910785675
accuracy,Big_Lips,0.8500000238418579,0.8590627908706665,0.8590627908706665,0.6487804651260376,0.1747700423002243,0.5788252949714661,0.2753623127937317,0.15321891009807587
accuracy,Big_Nose,0.7249999642372131,0.8300699591636658,0.8300699591636658,0.6913309097290039,0.5727291107177734,0.7440166473388672,0.6264660358428955,0.24880455434322357
accuracy,Black_Hair,0.7749999761581421,0.9015452861785889,0.9015452861785889,0.7735000252723694,0.7466216087341309,0.8444994688034058,0.7598232626914978,0.20858711004257202
accuracy,Blond_Hair,0.875,0.9509739875793457,0.9509739875793457,0.8647512197494507,0.8075916171073914,0.8923152685165405,0.8351945877075195,0.15382292866706848
accuracy,Blurry,0.949999988079071,0.9633563160896301,0.9633563160896301,0.6472222208976746,0.4957446753978729,0.7411623597145081,0.5614457726478577,0.04731464385986328
accuracy,Brown_Hair,0.75,0.8405899405479431,0.8405899405479431,0.683190643787384,0.6325892210006714,0.7696580290794373,0.6569169163703918,0.24125434458255768
accuracy,Bushy_Eyebrows,0.8999999761581421,0.9214778542518616,0.9214778542518616,0.825063943862915,0.5697633624076843,0.7748441100120544,0.6740492582321167,0.14249761402606964
accuracy,Chubby,0.949999988079071,0.9560577869415283,0.9560577869415283,0.7271523475646973,0.45148026943206787,0.7202176451683044,0.5570776462554932,0.06120702624320984
accuracy,Double_Chin,0.949999988079071,0.9642120003700256,0.9642120003700256,0.6964285969734192,0.47999998927116394,0.7346009016036987,0.568306028842926,0.04907635599374771
accuracy,Eyeglasses,0.8500000238418579,0.9960739016532898,0.9960739016532898,0.9657387733459473,0.9783080220222473,0.9878555536270142,0.9719828367233276,0.06961292773485184
accuracy,Goatee,0.925000011920929,0.9663764238357544,0.9663764238357544,0.7779329419136047,0.7609289884567261,0.8718246221542358,0.769336998462677,0.07369004189968109
accuracy,Gray_Hair,0.949999988079071,0.979262113571167,0.979262113571167,0.8171428442001343,0.7394002079963684,0.8654673099517822,0.7763300538063049,0.04867367818951607
accuracy,Heavy_Makeup,0.625,0.9144309759140015,0.9144309759140015,0.8773855566978455,0.9074957966804504,0.9131816625595093,0.89218670129776,0.3901444673538208
accuracy,High_Cheekbones,0.5999999642372131,0.8686767220497131,0.8686767220497131,0.8656094670295715,0.8377772569656372,0.8658313155174255,0.8514659404754639,0.4492877721786499
accuracy,Male,0.5999999642372131,0.9934564828872681,0.9934564828872681,0.994536817073822,0.9900685548782349,0.9930183291435242,0.9922976493835449,0.4257311224937439
accuracy,Mouth_Slightly_Open,0.5,0.9054713845252991,0.9054713845252991,0.9091778993606567,0.8930324912071228,0.9050357341766357,0.9010329246520996,0.48185431957244873
accuracy,Mustache,0.925000011920929,0.9624502658843994,0.9624502658843994,0.6154537200927734,0.6829511523246765,0.8301311731338501,0.6474480032920837,0.05048573017120361
accuracy,Narrow_Eyes,0.925000011920929,0.9310917854309082,0.9310917854309082,0.6065858006477356,0.23458445072174072,0.6111153364181519,0.33832770586013794,0.0750994086265564
accuracy,No_Beard,0.2750000059604645,0.9570644497871399,0.9570644497871399,0.9775488972663879,0.9700697660446167,0.9334622025489807,0.9737949371337891,0.8223687410354614
accuracy,Oval_Face,0.75,0.76131272315979,0.76131272315979,0.6614358425140381,0.3029649555683136,0.6213118433952332,0.4155780076980591,0.28011274337768555
accuracy,Pale_Skin,0.949999988079071,0.9603362083435059,0.9603362083435059,0.5928961634635925,0.2535046637058258,0.6228335499763489,0.35515546798706055,0.04308652505278587
accuracy,Pointy_Nose,0.7249999642372131,0.768007218837738,0.768007218837738,0.6461752653121948,0.41042402386665344,0.6604453325271606,0.5019989609718323,0.28489455580711365
accuracy,Receding_Hairline,0.925000011920929,0.944631814956665,0.944631814956665,0.667344868183136,0.45906227827072144,0.7206635475158691,0.5439469218254089,0.07192832231521606
accuracy,Rosy_Cheeks,0.925000011920929,0.9463934898376465,0.9463934898376465,0.6490335464477539,0.46980854868888855,0.7255845069885254,0.5450661778450012,0.06835455447435379
accuracy,Sideburns,0.925000011920929,0.9666280746459961,0.9666280746459961,0.7716049551963806,0.7315288782119751,0.857764482498169,0.7510327100753784,0.06880757212638855
accuracy,Smiling,0.574999988079071,0.9210247993469238,0.9210247993469238,0.9344510436058044,0.8997083902359009,0.9203364253044128,0.9167507290840149,0.48331403732299805
accuracy,Straight_Hair,0.7999999523162842,0.8449187278747559,0.8449187278747559,0.6791577339172363,0.46585068106651306,0.7044435143470764,0.5526354312896729,0.20561735332012177
accuracy,Wavy_Hair,0.7749999761581421,0.8641465902328491,0.8641465902328491,0.774117648601532,0.718471348285675,0.8191577196121216,0.7452572584152222,0.2765893042087555
accuracy,Wearing_Earrings,0.7999999523162842,0.9031056761741638,0.9031056761741638,0.7843196988105774,0.6785431504249573,0.8172850012779236,0.7276071310043335,0.19071827828884125
accuracy,Wearing_Hat,0.949999988079071,0.9893290400505066,0.9893290400505066,0.8589743375778198,0.9265957474708557,0.9595202207565308,0.8915045857429504,0.04731464385986328
accuracy,Wearing_Lipstick,0.625,0.9266119599342346,0.9266119599342346,0.8942266702651978,0.947516918182373,0.9286507964134216,0.9201008677482605,0.4459656774997711
accuracy,Wearing_Necklace,0.875,0.8837771415710449,0.8837771415710449,0.572864294052124,0.14273789525032043,0.5640711188316345,0.22853325307369232,0.12060200423002243
accuracy,Wearing_Necktie,0.925000011920929,0.9572154879570007,0.9572154879570007,0.7514843344688416,0.6139985918998718,0.7990477085113525,0.675819993019104,0.07263301312923431
accuracy,Young,0.2750000059604645,0.890622615814209,0.890622615814209,0.907277524471283,0.950647234916687,0.8322253227233887,0.92845618724823,0.7465646266937256
precision_recall_mid,5_o_Clock_Shadow,0.8500000238418579,0.7173553705215454,0.9349172115325928,0.7173553705215454,0.7402985095977783,0.8506309390068054,0.7286463975906372,0.11803492903709412
precision_recall_mid,Arched_Eyebrows,0.7249999642372131,0.6842617988586426,0.842603325843811,0.6999402046203613,0.6842617988586426,0.7910211086273193,0.6920121908187866,0.258418470621109
precision_recall_mid,Attractive,0.5249999761581421,0.8133930563926697,0.8111441135406494,0.8133930563926697,0.8264614939689636,0.8105039596557617,0.8198752403259277,0.5200583934783936
precision_recall_mid,Bags_Under_Eyes,0.6749999523162842,0.5677965879440308,0.8215634226799011,0.5677965879440308,0.5852948427200317,0.734346866607666,0.5764129161834717,0.2074294090270996
precision_recall_mid,Bald,0.8999999761581421,0.7558685541152954,0.9902853965759277,0.7558685541152954,0.7834550142288208,0.8890547752380371,0.7694146037101746,0.02068757265806198
precision_recall_mid,Bangs,0.824999988079071,0.8238519430160522,0.9484069347381592,0.8238519430160522,0.8246998190879822,0.8971894979476929,0.8242756724357605,0.14672572910785675
precision_recall_mid,Big_Lips,0.699999988079071,0.4444444477558136,0.8291639685630798,0.4444444477558136,0.4599211513996124,0.6779484748840332,0.4520503878593445,0.15321891009807587
precision_recall_mid,Big_Nose,0.6499999761581421,0.6447601914405823,0.8250364661216736,0.6447601914405823,0.6609346270561218,0.7701617479324341,0.6527472138404846,0.24880455434322357
precision_recall_mid,Black_Hair,0.75,0.7575325965881348,0.9006896018981934,0.7575325965881348,0.7705115675926208,0.8527556657791138,0.7639669179916382,0.20858711004257202
precision_recall_mid,Blond_Hair,0.8500000238418579,0.8340968489646912,0.9503196477890015,0.8415318727493286,0.8340968489646912,0.902772068977356,0.8377978801727295,0.15382292866706848
precision_recall_mid,Blurry,0.925000011920929,0.5797872543334961,0.9621986150741577,0.6048834919929504,0.5797872543334961,0.7804890871047974,0.5920695662498474,0.04731464385986328
precision_recall_mid,Brown_Hair,0.7249999642372131,0.6665971279144287,0.8392308950424194,0.6668753623962402,0.6665971279144287,0.7803597450256348,0.6667361855506897,0.24125434458255768
precision_recall_mid,Bushy_Eyebrows,0.7999999523162842,0.6997527480125427,0.915437638759613,0.7047314047813416,0.6997527480125427,0.8255162239074707,0.7022332549095154,0.14249761402606964
precision_recall_mid,Chubby,0.8999999761581421,0.6036184430122375,0.9546987414360046,0.6371527910232544,0.6036184430122375,0.7906033992767334,0.6199324131011963,0.06120702624320984
precision_recall_mid,Double_Chin,0.8999999761581421,0.5936293601989746,0.960688591003418,0.5936293601989746,0.6307692527770996,0.8042423725128174,0.6116360425949097,0.04907635599374771
precision_recall_mid,Eyeglasses,0.925000011920929,0.9681851267814636,0.9957718849182129,0.9709934592247009,0.9681851267814636,0.9830105304718018,0.9695872664451599,0.06961292773485184
precision_recall_mid,Goatee,0.925000011920929,0.7609289884567261,0.9663764238357544,0.7779329419136047,0.7609289884567261,0.8718246221542358,0.769336998462677,0.07369004189968109
precision_recall_mid,Gray_Hair,0.925000011920929,0.777550995349884,0.9787083864212036,0.777550995349884,0.7880041599273682,0.8882348537445068,0.7827426791191101,0.04867367818951607
precision_recall_mid,Heavy_Makeup,0.6749999523162842,0.8838859796524048,0.9122665524482727,0.8904340863227844,0.8838859796524048,0.9071543216705322,0.8871479034423828,0.3901444673538208
precision_recall_mid,High_Cheekbones,0.550000011920929,0.849205493927002,0.867065966129303,0.849205493927002,0.8561505675315857,0.8660608530044556,0.8526638150215149,0.4492877721786499
precision_recall_mid,Male,0.42500001192092896,0.9914873242378235,0.9929531216621399,0.9919564723968506,0.9914873242378235,0.9927635192871094,0.9917218685150146,0.4257311224937439
precision_recall_mid,Mouth_Slightly_Open,0.4749999940395355,0.900344729423523,0.9049177169799805,0.9021352529525757,0.900344729423523,0.904757559299469,0.9012390971183777,0.48185431957244873
precision_recall_mid,Mustache,0.925000011920929,0.6154537200927734,0.9624502658843994,0.6154537200927734,0.6829511523246765,0.8301311731338501,0.6474480032920837,0.05048573017120361
precision_recall_mid,Narrow_Eyes,0.8500000238418579,0.445040225982666,0.9183067679405212,0.4551062285900116,0.445040225982666,0.7008874416351318,0.45001691579818726,0.0750994086265564
precision_recall_mid,No_Beard,0.22499999403953552,0.9728572964668274,0.95630943775177,0.9728572964668274,0.9740482568740845,0.9241167902946472,0.9734523892402649,0.8223687410354614
precision_recall_mid,Oval_Face,0.5999999642372131,0.5285355448722839,0.7358936667442322,0.5285355448722839,0.5292003750801086,0.6727598905563354,0.5288677215576172,0.28011274337768555
precision_recall_mid,Pale_Skin,0.8500000238418579,0.4437299072742462,0.9516283273696899,0.4437299072742462,0.48364487290382385,0.7281724214553833,0.4628284275531769,0.04308652505278587
precision_recall_mid,Pointy_Nose,0.625,0.5461474657058716,0.7431418895721436,0.5461474657058716,0.5823321342468262,0.6947699189186096,0.56365966796875,0.28489455580711365
precision_recall_mid,Receding_Hairline,0.875,0.5780265927314758,0.941813051700592,0.5989847779273987,0.5780265927314758,0.7740170955657959,0.5883191227912903,0.07192832231521606
precision_recall_mid,Rosy_Cheeks,0.875,0.5718213319778442,0.9421653747558594,0.5718213319778442,0.6126657128334045,0.7895032167434692,0.5915392637252808,0.06835455447435379
precision_recall_mid,Sideburns,0.8999999761581421,0.736407458782196,0.9657723903656006,0.736407458782196,0.7827359437942505,0.8810166120529175,0.758865237236023,0.06880757212638855
precision_recall_mid,Smiling,0.5,0.9155384302139282,0.9203704595565796,0.919368326663971,0.9155384302139282,0.9202144145965576,0.9174493551254272,0.48331403732299805
precision_recall_mid,Straight_Hair,0.7249999642372131,0.5914320945739746,0.8357577919960022,0.6024937629699707,0.5914320945739746,0.7452154755592346,0.5969116687774658,0.20561735332012177
precision_recall_mid,Wavy_Hair,0.75,0.7423111796379089,0.862082839012146,0.7549509406089783,0.7423111796379089,0.8250938057899475,0.7485777139663696,0.2765893042087555
precision_recall_mid,Wearing_Earrings,0.7249999642372131,0.7383690476417542,0.9010922908782959,0.7383690476417542,0.7455793023109436,0.8416601419448853,0.7419566512107849,0.19071827828884125
precision_recall_mid,Wearing_Hat,0.949999988079071,0.8589743375778198,0.9893290400505066,0.8589743375778198,0.9265957474708557,0.9595202207565308,0.8915045857429504,0.04731464385986328
precision_recall_mid,Wearing_Lipstick,0.7249999642372131,0.9146574139595032,0.9262596368789673,0.9146574139595032,0.9205417633056641,0.9257019758224487,0.9175902009010315,0.4459656774997711
precision_recall_mid,Wearing_Necklace,0.7749999761581421,0.39858096837997437,0.860371470451355,0.41739511489868164,0.39858096837997437,0.6611415147781372,0.40777111053466797,0.12060200423002243
precision_recall_mid,Wearing_Necktie,0.875,0.6937119960784912,0.9562087655067444,0.6937119960784912,0.7110186815261841,0.8432155847549438,0.7022587060928345,0.07263301312923431
precision_recall_mid,Young,0.375,0.921844482421875,0.8842804431915283,0.921844482421875,0.9232739806175232,0.8463440537452698,0.9225586652755737,0.7465646266937256
