method,query_entries,source_query_cases,macro_Recall@1,macro_Recall@5,macro_Recall@10,macro_Precision@1,macro_Precision@5,macro_Precision@10,micro_Recall@1,micro_Recall@5,micro_Recall@10,micro_Precision@1,micro_Precision@5,micro_Precision@10,checkpoint
Direct sum,14,33052,0.0239667092673861,0.0718274033877898,0.1084242092702599,0.0239667092673861,0.0175681307479561,0.0147120343871258,0.0257170519181895,0.0814776715478639,0.1247730848360159,0.0257170519181895,0.0202650369115333,0.0176812295776351,
Direct sequential,14,33052,0.0280702691117029,0.0732718277811792,0.1120602207326044,0.0280702691117029,0.0179070045179915,0.0152957059322563,0.0260196054701682,0.0827483964661745,0.1263463633063052,0.0260196054701682,0.0205736415345516,0.0178627617088223,
Contrastive sum,14,33052,0.0391165430965526,0.1203871699842344,0.170739441538459,0.0391165430965526,0.0296669903291397,0.0247404346071612,0.0345213602807696,0.1090100447779257,0.1664952196538787,0.0345213602807696,0.0276594457218927,0.024216386300375,
Contrastive sequential,14,33052,0.0406358914439327,0.1238095818088822,0.1870757790910062,0.0406358914439327,0.031000692051886,0.0269761089669727,0.0344608495703739,0.1094941304610916,0.1665254750090766,0.0344608495703739,0.0277925692847633,0.0241831054096573,
Adaptive tangent sequential,14,33052,0.0406052286267497,0.1235346889432326,0.1869269211269,0.0406052286267497,0.0309292179878408,0.0268738588800076,0.034430594215176,0.1092520876195086,0.1667675178506595,0.034430594215176,0.0277441607164467,0.024201258622776,
Gate v3 hybrid best,14,33052,0.0479720360170376,0.1468166003829958,0.2130479372919742,0.0479720360170376,0.0384122930317563,0.0325362927302571,0.0416918794626648,0.1298257291540602,0.1952680624470531,0.0416918794626648,0.033789180684981,0.0296805034491102,/mnt/meditech/group1/deep_learning/cluster/artifacts/training_runs/hpsearch_gate_v3_20260621_001921_long/gate_v3_sequentialgate_hybmp_l002_w050_balanced_length_b256_lr0.0001_src0.02_scale0.02_long/checkpoints/best_val_official_like_at10.pt
Blend generic_sum_only,14,33052,0.0364694493460533,0.1066454455832483,0.1544682602435093,0.0364694493460533,0.0264927583214232,0.0221639366552965,0.0338557424664165,0.1073762555972407,0.1636814716204768,0.0338557424664165,0.0272237686070434,0.0237383516882486,/mnt/meditech/group1/deep_learning/cluster/artifacts/training_runs/hpsearch_gate_v3_20260621_001921_long/gate_v3_sequentialgate_hybmp_l002_w050_balanced_length_b256_lr0.0001_src0.02_scale0.02_long/checkpoints/best_val_official_like_at10.pt
Blend generic_tangent_seq,14,33052,0.0265497387108586,0.0883032146188798,0.1401452592642596,0.0265497387108586,0.02154794995299,0.0192316986144024,0.0319799104441486,0.1020513130824155,0.1577816773568921,0.0319799104441486,0.0252995280164589,0.0222588648190728,/mnt/meditech/group1/deep_learning/cluster/artifacts/training_runs/hpsearch_gate_v3_20260621_001921_long/gate_v3_sequentialgate_hybmp_l002_w050_balanced_length_b256_lr0.0001_src0.02_scale0.02_long/checkpoints/best_val_official_like_at10.pt
Blend model_only,14,33052,0.0479869604991581,0.1468626185930071,0.2130731563626826,0.0479869604991581,0.0384280020081328,0.0325468716572056,0.0417221348178627,0.1299164952196538,0.195298317802251,0.0417221348178627,0.0338133849691393,0.0296986566622289,/mnt/meditech/group1/deep_learning/cluster/artifacts/training_runs/hpsearch_gate_v3_20260621_001921_long/gate_v3_sequentialgate_hybmp_l002_w050_balanced_length_b256_lr0.0001_src0.02_scale0.02_long/checkpoints/best_val_official_like_at10.pt
Blend model_plus_generic_delta_025,14,33052,0.0560975973685815,0.1736106396757719,0.2429581207550228,0.0560975973685815,0.0458557223167436,0.0388671116398329,0.0468958005566985,0.14616362096091,0.2168401307031344,0.0468958005566985,0.0379462664891683,0.033105409657509,/mnt/meditech/group1/deep_learning/cluster/artifacts/training_runs/hpsearch_gate_v3_20260621_001921_long/gate_v3_sequentialgate_hybmp_l002_w050_balanced_length_b256_lr0.0001_src0.02_scale0.02_long/checkpoints/best_val_official_like_at10.pt
Blend model_plus_generic_delta_050,14,33052,0.0667615000542192,0.1919319298281982,0.2719644023705915,0.0667615000542192,0.052757507964252,0.044966820009203,0.0522207430715236,0.1596272540239622,0.2344487474282948,0.0522207430715236,0.0419399733752872,0.03635786034128,/mnt/meditech/group1/deep_learning/cluster/artifacts/training_runs/hpsearch_gate_v3_20260621_001921_long/gate_v3_sequentialgate_hybmp_l002_w050_balanced_length_b256_lr0.0001_src0.02_scale0.02_long/checkpoints/best_val_official_like_at10.pt
Blend model_plus_generic_delta_100,14,33052,0.0618911585461878,0.2027222515673421,0.2827497276407539,0.0618911585461878,0.0542220789895744,0.0461574681443945,0.0495885271693089,0.1583262737504538,0.238593731090403,0.0495885271693089,0.0410141595062325,0.036130945177296,/mnt/meditech/group1/deep_learning/cluster/artifacts/training_runs/hpsearch_gate_v3_20260621_001921_long/gate_v3_sequentialgate_hybmp_l002_w050_balanced_length_b256_lr0.0001_src0.02_scale0.02_long/checkpoints/best_val_official_like_at10.pt
Blend model_plus_tuned_delta_025,14,33052,0.055881293501162,0.1734634929569049,0.2426769215459765,0.055881293501162,0.0458060884439276,0.0387952880391482,0.0470470773326878,0.1476461333656057,0.2194118358949534,0.0470470773326878,0.0383395861067406,0.033417039816047,/mnt/meditech/group1/deep_learning/cluster/artifacts/training_runs/hpsearch_gate_v3_20260621_001921_long/gate_v3_sequentialgate_hybmp_l002_w050_balanced_length_b256_lr0.0001_src0.02_scale0.02_long/checkpoints/best_val_official_like_at10.pt
Blend model_plus_tuned_delta_050,14,33052,0.0670120077808208,0.1964613669113819,0.2732250979572816,0.0670120077808208,0.0533971655869858,0.0446781601093871,0.0544293840009681,0.1634091734236959,0.2409839041510347,0.0544293840009681,0.0427629190366693,0.037238291177538,/mnt/meditech/group1/deep_learning/cluster/artifacts/training_runs/hpsearch_gate_v3_20260621_001921_long/gate_v3_sequentialgate_hybmp_l002_w050_balanced_length_b256_lr0.0001_src0.02_scale0.02_long/checkpoints/best_val_official_like_at10.pt
Blend model_plus_tuned_delta_100,14,33052,0.0599726760713448,0.196023227048835,0.2758245537025443,0.0599726760713448,0.0535437571223774,0.0456836287921132,0.0497095485901004,0.1554520150066561,0.2329057243132034,0.0497095485901004,0.040324337407721,0.0352989229093546,/mnt/meditech/group1/deep_learning/cluster/artifacts/training_runs/hpsearch_gate_v3_20260621_001921_long/gate_v3_sequentialgate_hybmp_l002_w050_balanced_length_b256_lr0.0001_src0.02_scale0.02_long/checkpoints/best_val_official_like_at10.pt
Blend rrf_model_generic,14,33052,0.0469254500667415,0.1389645072271076,0.2010749818604337,0.0469254500667415,0.0349801988299163,0.0295197237069065,0.0408447295171245,0.125922788333535,0.1877949897131792,0.0408447295171245,0.0325003025535519,0.0279014885634755,/mnt/meditech/group1/deep_learning/cluster/artifacts/training_runs/hpsearch_gate_v3_20260621_001921_long/gate_v3_sequentialgate_hybmp_l002_w050_balanced_length_b256_lr0.0001_src0.02_scale0.02_long/checkpoints/best_val_official_like_at10.pt
Blend rrf_model_tuned,14,33052,0.0441655442932165,0.1386001206227786,0.2009349649551255,0.0441655442932165,0.0347570258802853,0.0291301513771133,0.0422667312114244,0.1314292629795473,0.1981120658356529,0.0422667312114244,0.0337105167614667,0.0292418007987411,/mnt/meditech/group1/deep_learning/cluster/artifacts/training_runs/hpsearch_gate_v3_20260621_001921_long/gate_v3_sequentialgate_hybmp_l002_w050_balanced_length_b256_lr0.0001_src0.02_scale0.02_long/checkpoints/best_val_official_like_at10.pt
Blend score_fusion_generic_25sum,14,33052,0.0473021741380502,0.1438955486439853,0.2078659630320691,0.0473021741380502,0.0362184609665751,0.0313753265225663,0.0408144741619266,0.1296744523780709,0.1941486143047319,0.0408144741619266,0.0333292992859734,0.0293749243616117,/mnt/meditech/group1/deep_learning/cluster/artifacts/training_runs/hpsearch_gate_v3_20260621_001921_long/gate_v3_sequentialgate_hybmp_l002_w050_balanced_length_b256_lr0.0001_src0.02_scale0.02_long/checkpoints/best_val_official_like_at10.pt
Blend score_fusion_generic_50sum,14,33052,0.0478099089272126,0.143021610099963,0.2058420280533139,0.0478099089272126,0.0356924320804408,0.0299149372035278,0.0423877526322159,0.1288575577877284,0.1922122715720682,0.0423877526322159,0.0332869417886965,0.0288666343942875,/mnt/meditech/group1/deep_learning/cluster/artifacts/training_runs/hpsearch_gate_v3_20260621_001921_long/gate_v3_sequentialgate_hybmp_l002_w050_balanced_length_b256_lr0.0001_src0.02_scale0.02_long/checkpoints/best_val_official_like_at10.pt
Blend score_fusion_generic_75sum,14,33052,0.0440616615859132,0.1211779711478323,0.1873734686771242,0.0440616615859132,0.0314089551906317,0.027073355606324,0.0394227278228246,0.1206281011739077,0.1817439186736052,0.0394227278228246,0.0312356287062809,0.0269635725523415,/mnt/meditech/group1/deep_learning/cluster/artifacts/training_runs/hpsearch_gate_v3_20260621_001921_long/gate_v3_sequentialgate_hybmp_l002_w050_balanced_length_b256_lr0.0001_src0.02_scale0.02_long/checkpoints/best_val_official_like_at10.pt
Blend score_fusion_tuned_25sum,14,33052,0.0470506210612291,0.143306926398448,0.2066681074566358,0.0470506210612291,0.0360666246491048,0.0312344210313851,0.0408144741619266,0.1301887934164347,0.1950260196054701,0.0408144741619266,0.0334261164226066,0.0294898947113636,/mnt/meditech/group1/deep_learning/cluster/artifacts/training_runs/hpsearch_gate_v3_20260621_001921_long/gate_v3_sequentialgate_hybmp_l002_w050_balanced_length_b256_lr0.0001_src0.02_scale0.02_long/checkpoints/best_val_official_like_at10.pt
Blend score_fusion_tuned_50sum,14,33052,0.0464851124650627,0.1414924653549348,0.2055114400559587,0.0464851124650627,0.0350855088170114,0.0296158502837224,0.0420549437250393,0.1307333898099963,0.1972346605349146,0.0420549437250393,0.033492678204042,0.0293688732905721,/mnt/meditech/group1/deep_learning/cluster/artifacts/training_runs/hpsearch_gate_v3_20260621_001921_long/gate_v3_sequentialgate_hybmp_l002_w050_balanced_length_b256_lr0.0001_src0.02_scale0.02_long/checkpoints/best_val_official_like_at10.pt
Blend score_fusion_tuned_75sum,14,33052,0.0445691131744987,0.1224649548581656,0.1878605043133919,0.0445691131744987,0.0310854779423203,0.0268805281616279,0.0411775384243011,0.1262858525959094,0.1922425269272661,0.0411775384243011,0.0325366089797894,0.028334140142805,/mnt/meditech/group1/deep_learning/cluster/artifacts/training_runs/hpsearch_gate_v3_20260621_001921_long/gate_v3_sequentialgate_hybmp_l002_w050_balanced_length_b256_lr0.0001_src0.02_scale0.02_long/checkpoints/best_val_official_like_at10.pt
Blend tuned_sum_only,14,33052,0.034420288427863,0.106587930939233,0.1594057773983508,0.034420288427863,0.0266983710962039,0.0225545401801216,0.0352777441607164,0.11264068740167,0.173877526322159,0.0352777441607164,0.0285913106619871,0.0250211787486383,/mnt/meditech/group1/deep_learning/cluster/artifacts/training_runs/hpsearch_gate_v3_20260621_001921_long/gate_v3_sequentialgate_hybmp_l002_w050_balanced_length_b256_lr0.0001_src0.02_scale0.02_long/checkpoints/best_val_official_like_at10.pt
